id,response,lines,word,chars,request,success
31,200,1,5,163,autodiscover,1
47,200,1,5,163,blogs,1
1,200,1,5,163,a,1
46,301,7,20,240,blog,1
50,200,1,5,163,booking,1
48,200,1,5,163,board,1
3,200,1,5,163,access,1
15,200,1,5,163,alpha,1
7,200,1,5,163,adm,1
49,200,1,5,163,book,1
44,200,1,5,163,billing,1
41,200,1,5,163,bbs,1
39,200,1,5,163,barracuda,1
43,200,1,5,163,biblioteca,1
36,200,1,5,163,backup,1
42,200,1,5,163,beta,1
45,200,1,5,163,blackboard,1
37,200,1,5,163,backups,1
32,200,1,5,163,av,1
30,200,1,5,163,autoconfig,1
29,200,1,5,163,auto,1
35,200,1,5,163,b2b,1
25,200,1,5,163,art,1
28,200,1,5,163,auth,1
38,200,1,5,163,banner,1
40,200,1,5,163,bb,1
27,200,1,5,163,atlas,1
23,200,1,5,163,ar,1
24,200,1,5,163,archive,1
21,200,1,5,163,app,1
22,200,1,5,163,apps,1
18,200,1,5,163,ann,1
20,200,1,5,163,apollo,1
34,200,1,5,163,b,1
17,200,1,5,163,analytics,1
26,200,1,5,163,assets,1
14,200,1,5,163,agenda,1
16,200,1,5,163,alumni,1
13,200,1,5,163,affiliates,1
11,200,1,5,163,adserver,1
12,200,1,5,163,affiliate,1
10,200,1,5,163,ads,1
33,200,1,5,163,ayuda,1
9,200,1,5,163,administrator,1
6,200,1,5,163,ad,1
2,200,1,5,163,acceptatie,1
5,200,1,5,163,accounts,1
4,200,1,5,163,accounting,1
51,200,1,5,163,bookings,1
53,200,1,5,163,bsd,1
60,200,1,5,163,cache,1
58,200,1,5,163,c,1
56,200,1,5,163,bugs,1
55,200,1,5,163,bug,1
52,200,1,5,163,broadcast-ip,1
54,200,1,5,163,bt,1
61,200,1,5,163,cacti,1
59,200,1,5,163,ca,1
63,200,1,5,163,calendar,1
67,200,1,5,163,cas,1
75,200,1,5,163,cdn2,1
73,200,1,5,163,cdn,1
79,200,1,5,163,ci,1
78,200,1,5,163,chronos,1
69,200,1,5,163,catalogo,1
71,200,1,5,163,cc,1
72,200,1,5,163,cctv,1
77,200,1,5,163,chimera,1
70,200,1,5,163,catalogue,1
66,200,1,5,163,cart,1
76,200,1,5,163,chat,1
65,200,1,5,163,careers,1
62,200,1,5,163,cal,1
74,200,1,5,163,cdn1,1
64,200,1,5,163,cam,1
104,200,1,5,163,corporate,1
103,200,1,5,163,corp,1
80,200,1,5,163,cisco,1
82,200,1,5,163,classroom,1
86,200,1,5,163,cloud,1
94,200,1,5,163,config,1
68,200,1,5,163,catalog,1
102,200,1,5,163,controlpanel,1
101,200,1,5,163,controlp,1
100,200,1,5,163,controller,1
99,200,1,5,163,control,1
96,200,1,5,163,contact,1
98,200,1,5,163,content,1
97,200,1,5,163,contacts,1
93,200,1,5,163,conference,1
95,200,1,5,163,connect,1
92,200,1,5,163,community,1
91,200,1,5,163,co,1
90,200,1,5,163,cn,1
89,200,1,5,163,cms,1
88,200,1,5,163,club,1
87,200,1,5,163,cloudflare-resolve-to,1
85,200,1,5,163,clients,1
81,200,1,5,163,citrix,1
105,200,1,5,163,correo,1
83,200,1,5,163,client,1
107,200,1,5,163,cp,1
111,200,1,5,163,css,1
84,200,1,5,163,clientes,1
116,200,1,5,163,data,1
115,200,1,5,163,da,1
114,200,1,5,163,d,1
113,200,1,5,163,cvs,1
110,200,1,5,163,cs,1
117,200,1,5,163,database,1
112,200,1,5,163,customers,1
109,200,1,5,163,crm,1
108,301,1,3,118,cpanel,1
106,200,1,5,163,correoweb,1
118,200,1,5,163,db,1
120,200,1,5,163,db2,1
137,200,1,5,163,devel,1
124,200,1,5,163,de,1
132,200,1,5,163,desktop,1
131,200,1,5,163,design,1
136,200,1,5,163,dev2,1
134,200,1,5,163,dev01,1
135,200,1,5,163,dev1,1
130,200,1,5,163,descargas,1
133,200,1,5,163,dev,1
123,200,1,5,163,dc,1
126,200,1,5,163,demo,1
128,200,1,5,163,demon,1
119,200,1,5,163,db1,1
129,200,1,5,163,demostration,1
122,200,1,5,163,dbs,1
121,200,1,5,163,dbadmin,1
127,200,1,5,163,demo2,1
138,200,1,5,163,developers,1
152,200,1,5,163,docs,1
144,200,1,5,163,dl,1
157,200,1,5,163,domaincontroller,1
140,200,1,5,163,dialin,1
156,200,1,5,163,domaincontrol,1
155,200,1,5,163,domainadmin,1
154,200,1,5,163,domain-controller,1
151,200,1,5,163,doc,1
125,200,1,5,163,default,1
153,200,1,5,163,domain,1
150,200,1,5,163,dns4,1
149,200,1,5,163,dns3,1
148,200,1,5,163,dns2,1
147,200,1,5,163,dns1,1
146,200,1,5,163,dns,1
143,200,1,5,163,directory,1
145,200,1,5,163,dmz,1
141,200,1,5,163,diana,1
142,200,1,5,163,direct,1
158,200,1,5,163,domaincontrolpanel,1
160,200,1,5,163,domains,1
164,200,1,5,163,e,1
139,200,1,5,163,development,1
179,200,1,5,163,event,1
172,200,1,5,163,en,1
176,200,1,5,163,enterpriseregistration,1
175,200,1,5,163,enterpriseenrollment,1
173,200,1,5,163,eng,1
177,200,1,5,163,erp,1
174,200,1,5,163,english,1
169,200,1,5,163,ektron,1
171,200,1,5,163,email,1
178,200,1,5,163,es,1
170,200,1,5,163,elearning,1
166,200,1,5,163,echo,1
168,200,1,5,163,edu,1
167,200,1,5,163,ecommerce,1
165,200,1,5,163,eaccess,1
163,200,1,5,163,drupal,1
162,200,1,5,163,downloads,1
159,200,1,5,163,domainmanagement,1
161,200,1,5,163,download,1
202,200,1,5,163,foros,1
201,200,1,5,163,foro,1
180,200,1,5,163,events,1
200,200,1,5,163,forms,1
186,200,1,5,163,extranet,1
194,200,1,5,163,file,1
199,200,1,5,163,folders,1
197,200,1,5,163,finance,1
196,200,1,5,163,fileserver,1
182,200,1,5,163,example,1
192,301,7,20,244,feedback,1
198,200,1,5,163,firewall,1
190,200,1,5,163,fax,1
191,200,1,5,163,fb,1
189,200,1,5,163,faq,1
187,200,1,5,163,f,1
181,200,1,5,163,ex,1
193,200,1,5,163,feeds,1
195,200,1,5,163,files,1
203,200,1,5,163,forum,1
205,200,1,5,163,foto,1
183,200,1,5,163,examples,1
188,200,1,5,163,facebook,1
184,200,1,5,163,exchange,1
209,200,1,5,163,fs,1
185,200,1,5,163,external,1
217,200,1,5,163,galeria,1
221,200,1,5,163,gate,1
219,200,1,5,163,game,1
216,200,1,5,163,g,1
220,200,1,5,163,games,1
215,200,1,5,163,fw,1
208,200,1,5,163,freebsd,1
210,200,1,5,163,ftp,1
213,200,1,5,163,ftpadmin,1
214,200,1,5,163,ftpd,1
207,200,1,5,163,free,1
218,200,1,5,163,gallery,1
212,200,1,5,163,ftp2,1
204,200,1,5,163,forums,1
222,200,1,5,163,gateway,1
206,200,1,5,163,fr,1
224,200,1,5,163,gis,1
264,200,1,5,163,images8,1
252,200,1,5,163,id,1
236,200,1,5,163,health,1
211,200,1,5,163,ftp1,1
228,200,1,5,163,google,1
263,200,1,5,163,images7,1
261,200,1,5,163,images5,1
257,200,1,5,163,images1,1
259,200,1,5,163,images3,1
260,200,1,5,163,images4,1
258,200,1,5,163,images2,1
256,200,1,5,163,images,1
251,200,1,5,163,i,1
254,200,1,5,163,im,1
255,200,1,5,163,image,1
250,200,1,5,163,hypernova,1
262,200,1,5,163,images6,1
253,200,1,5,163,idp,1
249,200,1,5,163,hr,1
248,200,1,5,163,hotspot,1
247,200,1,5,163,hosting,1
245,200,1,5,163,host,1
246,200,1,5,163,host2,1
240,200,1,5,163,heracles,1
244,200,1,5,163,homer,1
242,200,1,5,163,hermes,1
243,200,1,5,163,home,1
241,200,1,5,163,hercules,1
239,200,1,5,163,hera,1
238,200,1,5,163,helpdesk,1
235,200,1,5,163,gw,1
233,200,1,5,163,guia,1
237,200,1,5,163,help,1
232,200,1,5,163,guest,1
234,200,1,5,163,guide,1
230,200,1,5,163,groupwise,1
231,200,1,5,163,gu,1
225,200,1,5,163,git,1
226,200,1,5,163,gmail,1
227,200,1,5,163,go,1
229,200,1,5,163,groups,1
223,200,1,5,163,gilford,1
265,200,1,5,163,imail,1
267,200,1,5,163,imap3,1
278,200,1,5,163,incoming,1
271,200,1,5,163,img,1
282,200,1,5,163,interno,1
281,200,1,5,163,internal,1
279,200,1,5,163,info,1
277,200,1,5,163,in,1
280,200,1,5,163,inmuebles,1
276,200,1,5,163,imogen,1
273,200,1,5,163,img2,1
275,200,1,5,163,imgs,1
270,200,1,5,163,imaps,1
285,200,1,5,163,io,1
274,200,1,5,163,img3,1
283,200,1,5,163,intra,1
266,200,1,5,163,imap,1
289,200,1,5,163,iphone,1
272,200,1,5,163,img1,1
304,200,1,5,163,jira,1
297,200,1,5,163,isa,1
268,200,1,5,163,imap3d,1
305,200,1,5,163,job,1
302,200,1,5,163,jboss,1
269,200,1,5,163,imapd,1
303,200,1,5,163,jboss2,1
301,200,1,5,163,jabber,1
299,200,1,5,163,j,1
296,200,1,5,163,is,1
292,200,1,5,163,ipv4,1
293,200,1,5,163,ipv6,1
300,200,1,5,163,ja,1
294,200,1,5,163,irc,1
291,200,1,5,163,ipsec,1
298,200,1,5,163,it,1
290,200,1,5,163,ipmi,1
284,200,1,5,163,intranet,1
288,200,1,5,163,ipfixe,1
286,200,1,5,163,ip,1
287,200,1,5,163,ip6,1
306,200,1,5,163,jobs,1
295,200,1,5,163,ircd,1
308,200,1,5,163,js,1
324,200,1,5,163,link,1
312,200,1,5,163,kerberos,1
327,200,1,5,163,lisa,1
320,200,1,5,163,ldap,1
322,200,1,5,163,lib,1
323,200,1,5,163,library,1
328,200,1,5,163,list,1
319,200,1,5,163,labs,1
326,200,1,5,163,linux,1
318,200,1,5,163,laboratory,1
317,200,1,5,163,laboratorio,1
321,200,1,5,163,legacy,1
325,200,1,5,163,links,1
316,200,1,5,163,laboratories,1
315,200,1,5,163,lab,1
314,200,1,5,163,la,1
307,200,1,5,163,jp,1
313,200,1,5,163,l,1
311,200,1,5,163,kb,1
310,200,1,5,163,k,1
329,200,1,5,163,lists,1
331,200,1,5,163,lms,1
309,200,1,5,163,jupiter,1
335,200,1,5,163,loghost,1
378,200,1,5,163,mdm,1
377,200,1,5,163,mc,1
343,200,1,5,163,lync,1
374,200,1,5,163,master,1
375,200,1,5,163,math,1
359,200,1,5,163,mailer,1
373,200,1,5,163,mars,1
372,200,1,5,163,marketing,1
369,200,1,5,163,map,1
371,200,1,5,163,market,1
376,200,1,5,163,mb,1
368,200,1,5,163,mantis,1
367,200,1,5,163,manager,1
366,200,1,5,163,manage,1
370,200,1,5,163,maps,1
364,200,1,5,163,mailserver,1
362,200,1,5,163,mailing,1
361,200,1,5,163,mailhost,1
357,200,1,5,163,mailbackup,1
365,200,1,5,163,main,1
363,200,1,5,163,mailman,1
356,200,1,5,163,mailadmin,1
358,200,1,5,163,mailbox,1
355,200,1,5,163,mail5,1
353,200,1,5,163,mail3,1
354,200,1,5,163,mail4,1
351,200,1,5,163,mail1,1
352,200,1,5,163,mail2,1
345,301,7,11,162,m,1
349,301,6,10,134,mail,1
350,200,1,5,163,mail01,1
360,200,1,5,163,mailgate,1
347,200,1,5,163,m2,1
344,200,1,5,163,lyncdiscover,1
341,200,1,5,163,love,1
339,200,1,5,163,london,1
348,200,1,5,163,magento,1
342,200,1,5,163,lp,1
340,200,1,5,163,loopback,1
338,200,1,5,163,logs,1
337,200,1,5,163,logon,1
346,200,1,5,163,m1,1
336,200,1,5,163,login,1
333,200,1,5,163,localhost,1
334,200,1,5,163,log,1
330,200,1,5,163,live,1
379,200,1,5,163,media,1
332,200,1,5,163,local,1
381,200,1,5,163,member,1
411,200,1,5,163,mx-a,1
393,200,1,5,163,minerva,1
412,200,1,5,163,mx-b,1
410,200,1,5,163,mx,1
385,200,1,5,163,meta01,1
408,200,1,5,163,munin,1
407,200,1,5,163,mssql,1
406,200,1,5,163,msoid,1
409,200,1,5,163,music,1
404,200,1,5,163,mrtg,1
405,200,1,5,163,ms,1
403,200,1,5,163,movil,1
397,200,1,5,163,mob,1
396,200,1,5,163,mm,1
402,200,1,5,163,moodle,1
395,200,1,5,163,ml,1
401,200,1,5,163,monitoring,1
398,200,1,5,163,mobil,1
394,200,1,5,163,mirror,1
390,200,1,5,163,meta3,1
400,200,1,5,163,monitor,1
391,200,1,5,163,miembros,1
389,200,1,5,163,meta2,1
388,200,1,5,163,meta1,1
399,200,1,5,163,mobile,1
387,200,1,5,163,meta03,1
383,200,1,5,163,mercury,1
392,200,1,5,163,mijn,1
380,200,1,5,163,meet,1
413,200,1,5,163,mx0,1
384,200,1,5,163,meta,1
382,200,1,5,163,members,1
415,200,1,5,163,mx02,1
455,200,1,5,163,ns4,1
386,200,1,5,163,meta02,1
443,200,1,5,163,novell,1
427,200,1,5,163,nelson,1
419,200,1,5,163,mx3,1
453,200,1,5,163,ns2,1
454,200,1,5,163,ns3,1
449,200,1,5,163,ns1,1
451,200,1,5,163,ns11,1
448,200,1,5,163,ns03,1
446,200,1,5,163,ns01,1
450,200,1,5,163,ns10,1
447,200,1,5,163,ns02,1
442,200,1,5,163,noc,1
452,200,1,5,163,ns12,1
445,200,1,5,163,ns0,1
444,200,1,5,163,ns,1
441,200,1,5,163,nl,1
439,200,1,5,163,newsite,1
438,200,1,5,163,newsgroups,1
434,200,1,5,163,networks,1
437,200,1,5,163,news,1
440,200,1,5,163,newsletter,1
436,200,1,5,163,newmail,1
429,200,1,5,163,net,1
431,200,1,5,163,netscaler,1
433,200,1,5,163,network-ip,1
430,200,1,5,163,netmail,1
428,200,1,5,163,neon,1
423,200,1,5,163,n,1
424,200,1,5,163,nagios,1
426,200,1,5,163,nat,1
421,200,1,5,163,mysql,1
422,200,1,5,163,mysql2,1
432,200,1,5,163,network,1
425,200,1,5,163,nas,1
417,200,1,5,163,mx1,1
414,200,1,5,163,mx01,1
416,200,1,5,163,mx03,1
456,200,1,5,163,ns5,1
458,200,1,5,163,ns7,1
420,200,1,5,163,my,1
462,200,1,5,163,ntp1,1
418,200,1,5,163,mx2,1
470,200,1,5,163,oldwww,1
503,200,1,5,163,pgsql,1
502,200,1,5,163,personal,1
486,200,1,5,163,outlook,1
505,200,1,5,163,photo,1
500,200,1,5,163,pegasus,1
504,200,1,5,163,phoenix,1
501,200,1,5,163,pendrell,1
499,200,1,5,163,pda,1
498,200,1,5,163,pcanywhere,1
497,200,1,5,163,pbx,1
492,200,1,5,163,partner,1
496,200,1,5,163,payments,1
493,200,1,5,163,partners,1
494,200,1,5,163,pay,1
495,301,7,11,162,payment,1
490,200,1,5,163,painel,1
488,200,1,5,163,ox,1
489,200,1,5,163,p,1
491,200,1,5,163,panel,1
487,200,1,5,163,owa,1
484,200,1,5,163,ou,1
483,200,1,5,163,osx,1
482,200,1,5,163,os,1
481,200,1,5,163,orion,1
477,200,1,5,163,ops,1
479,200,1,5,163,oracle,1
485,200,1,5,163,outgoing,1
480,200,1,5,163,origin,1
476,200,1,5,163,operations,1
475,200,1,5,163,operation,1
478,200,1,5,163,ora,1
469,200,1,5,163,oldsite,1
473,200,1,5,163,op,1
468,200,1,5,163,oldmail,1
472,200,1,5,163,online,1
471,200,1,5,163,on,1
467,200,1,5,163,old,1
465,200,1,5,163,office,1
466,200,1,5,163,office2,1
461,200,1,5,163,ntp,1
474,200,1,5,163,openbsd,1
463,200,1,5,163,o,1
460,200,1,5,163,nt,1
457,200,1,5,163,ns6,1
459,200,1,5,163,ns8,1
464,200,1,5,163,oa,1
506,200,1,5,163,photos,1
508,200,1,5,163,phpmyadmin,1
555,200,1,5,163,remote2,1
512,200,1,5,163,pop,1
553,200,1,5,163,relay,1
536,200,1,5,163,proxy,1
551,200,1,5,163,redmine,1
554,200,1,5,163,remote,1
548,200,1,5,163,ras,1
520,200,1,5,163,postmaster,1
552,200,1,5,163,register,1
550,200,1,5,163,redirect,1
547,200,1,5,163,radius,1
549,200,1,5,163,rdp,1
544,200,1,5,163,r,1
545,200,1,5,163,ra,1
542,200,1,5,163,q,1
541,200,1,5,163,public,1
546,200,1,5,163,radio,1
539,200,1,5,163,pt,1
540,200,1,5,163,pub,1
538,200,1,5,163,pruebas,1
543,200,1,5,163,qa,1
535,200,1,5,163,promo,1
537,200,1,5,163,prueba,1
532,200,1,5,163,production,1
534,200,1,5,163,projects,1
533,200,1,5,163,project,1
530,200,1,5,163,pro,1
527,200,1,5,163,press,1
529,200,1,5,163,private,1
528,200,1,5,163,preview,1
525,200,1,5,163,pre-production,1
522,200,1,5,163,ppp,1
524,200,1,5,163,pre-prod,1
526,200,1,5,163,preprod,1
523,200,1,5,163,pr,1
531,200,1,5,163,prod,1
519,200,1,5,163,postman,1
518,200,1,5,163,postgresql,1
517,200,1,5,163,postgres,1
516,200,1,5,163,post,1
514,200,1,5,163,portal,1
515,200,1,5,163,portfolio,1
510,200,1,5,163,pma,1
511,200,1,5,163,poczta,1
521,200,1,5,163,pp,1
507,200,1,5,163,php,1
513,200,1,5,163,pop3,1
556,200,1,5,163,repo,1
562,200,1,5,163,restricted,1
570,200,1,5,163,ru,1
586,200,1,5,163,server,1
509,200,1,5,163,pm,1
558,200,1,5,163,reports,1
596,200,1,5,163,shopping,1
594,200,1,5,163,shell,1
593,200,1,5,163,sharepoint,1
595,200,1,5,163,shop,1
591,200,1,5,163,sftp,1
590,200,1,5,163,services,1
589,200,1,5,163,service,1
592,200,1,5,163,share,1
587,200,1,5,163,server1,1
588,200,1,5,163,server2,1
584,200,1,5,163,security,1
583,200,1,5,163,secure,1
585,200,1,5,163,seo,1
582,200,1,5,163,search,1
